HS6,ProductType,ConversionFactor,ConversionDesc,FAOGroup,Derivation,,,,,,
030100,Live Fish,1,Reported in live weight,Marine fish nei,FAO,,,,,,
030191,"Fish; live, trout (salmo trutta, salmo gairdneri, salmo clarki, salmo aguabonita, salmo gilae)",1,Reported in live weight,Freshwater & diadromous fish,FAO,,,,,,
030192,"Fish; live, eels (anguilla spp.)",1,Reported in live weight,Freshwater & diadromous fish,FAO,,,,,,
030193,"Fish; live, carp",1,Reported in live weight,Freshwater & diadromous fish,FAO,,,,,,
030194,"Fish; live, bluefin tunas (Thunnus thynnus)",1,Reported in live weight,Pelagic fish,FAO,,,,,,
030195,"Fish; live, southern bluefin tunas (Thunnus maccoyii)",1,Reported in live weight,Pelagic fish,FAO,,,,,,
030199,"Fish; live, n.e.s. in heading no. 0301",1,Reported in live weight,Marine fish nei,FAO,,,,,,
030200,Fresh or Chilled Fish,1.285714286,FAO Assumed; average of all frozen fish CFs,Marine fish nei,Est,,,,,,
030211,"Fish; trout (salmo trutta, salmo gairdneri, salmo clarki, salmo aguabonita, salmo gilae), fresh or chilled (excluding fillets, livers, roes and other fish meat of heading no. 0304)",1.4,FAO Assumed; frozen trout gutted/head on,Freshwater & diadromous fish,Est,,,,,,
030212,"Fish; Pacific salmon (oncorhynchus spp.), Atlantic salmon (salmo salar), Danube salmon (hucho hucho), fresh or chilled (excluding fillets, livers, roes and other fish meat of heading no. 0304)",1.143333333,"FAO Assumed; average of frozen salmon whole gutted/head on, dressed gutted/head on, dressed gutted/head off",Freshwater & diadromous fish,Est,,,,,,
030213,"Fish; fresh or chilled, Pacific salmon (Oncorhynchus nerka, Oncorhynchus gorbuscha, Oncorhynchus keta, Oncorhynchus tschawytscha, Oncorhynchus kisutch, Oncorhynchus masou, Oncorhynchus rhodurus), not fillets, livers, roes, other fish meat of heading 0304",1.143333333,"FAO Assumed; average of frozen salmon whole gutted/head on, dressed gutted/head on, dressed gutted/head off",Freshwater & diadromous fish,Est,,,,,,
030214,"Fish; fresh or chilled, Atlantic salmon (Salmo salar) and Danube salmon (Hucho hucho), excluding fillets, livers, roes, and other fish meat of heading 0304",1.143333333,"FAO Assumed; average of frozen salmon whole gutted/head on, dressed gutted/head on, dressed gutted/head off",Freshwater & diadromous fish,Est,,,,,,
030219,"Fish; salmonidae, fresh or chilled, n.e.s. in item no. 0302.1 (excluding fillets, livers, roes and other fish meat of heading no. 0304)",1.143333333,"FAO Assumed; average of frozen salmon whole gutted/head on, dressed gutted/head on, dressed gutted/head off",Freshwater & diadromous fish,Est,,,,,,
030221,"Fish; halibut (reinhardtius hippoglossoides, hippoglossus hippoglossus, hippoglossus stenolepis), fresh or chilled (excluding fillets, livers, roes and other fish meat of heading no. 0304)",1.25,"FAO Assumed; average of frozen flatfish dressed gutted/head on, gutted/head off",Demersal fish,Est,,,,,,
030222,"Fish; plaice (pleuronectes platessa), fresh or chilled (excluding fillets, livers, roes and other fish meat of heading no. 0304)",1.25,"FAO Assumed; average of frozen flatfish dressed gutted/head on, gutted/head off",Demersal fish,Est,,,,,,
030223,"Fish; sole (solea spp.), fresh or chilled (excluding fillets, livers, roes and other fish meat of heading no. 0304)",1.25,"FAO Assumed; average of frozen flatfish dressed gutted/head on, gutted/head off",Demersal fish,Est,,,,,,
030224,"Fish; fresh or chilled, turbots (Psetta maxima, Scophthalmidae), excluding fillets, livers, roes, and other fish meat of heading 0304",1.25,"FAO Assumed; average of frozen flatfish dressed gutted/head on, gutted/head off",Demersal fish,Est,,,,,,
030229,"Fish; flat fish, fresh or chilled, n.e.s. in item no. 0302.2 (excluding fillets, livers, roes and other fish meat of heading no. 0304)",1.25,"FAO Assumed; average of frozen flatfish dressed gutted/head on, gutted/head off",Demersal fish,Est,,,,,,
030231,"Fish; albacore or longfinned tunas (thunnus alalunga), fresh or chilled (excluding fillets, livers, roes and other fish meat of heading no. 0304)",1.26,"FAO Assumed; average of frozen other tunas gutted/head on, gutted/head off",Pelagic fish,Est,,,,,,
030232,"Fish; yellowfin tunas (thunnus albacares), fresh or chilled (excluding fillets, livers, roes and other fish meat of heading no. 0304)",1.1,FAO Assumed; frozen yellowfin gutted/head on,Pelagic fish,Est,,,,,,
030233,"Fish; skipjack or stripe-bellied bonito, fresh or chilled (excluding fillets, livers, roes and other fish meat of heading no. 0304)",1.1,FAO Assumed; frozen skipjack gutted/head on,Pelagic fish,Est,,,,,,
030234,"Fish; bigeye tunas (Thunnus obesus), fresh or chilled (excluding fillets, livers, roes and other fish meat of heading no. 0304)",1.26,"FAO Assumed; average of frozen other tunas gutted/head on, gutted/head off",Pelagic fish,Est,,,,,,
030235,"Fish; bluefin tunas (Thunnus thynnus), fresh or chilled (excluding fillets, livers, roes and other fish meat of heading no. 0304)",1.26,"FAO Assumed; average of frozen other tunas gutted/head on, gutted/head off",Pelagic fish,Est,,,,,,
030236,"Fish; southern bluefin tunas (Thunnus maccoyii), fresh or chilled (excluding fillets, livers, roes and other fish meat of heading no. 0304)",1.26,"FAO Assumed; average of frozen other tunas gutted/head on, gutted/head off",Pelagic fish,Est,,,,,,
030239,"Fish; tuna, fresh or chilled, n.e.s. in item no. 0302.3 (excluding fillets, livers, roes and other fish meat of heading no. 0304)",1.26,"FAO Assumed; average of frozen other tunas gutted/head on, gutted/head off",Pelagic fish,Est,,,,,,
030240,"Fish; herrings (clupea harengus, clupea pallasii), fresh or chilled (excluding fillets, livers, roes and other fish meat of heading no. 0304)",1.26,"FAO Assumed; average of frozen whole herring gutted/head on, gutted/head off",Pelagic fish,Est,,,,,,
030241,"Fish; fresh or chilled, herrings (Clupea harengus, Clupea pallasii), excluding fillets, livers, roes, and other fish meat of heading 0304",1.26,"FAO Assumed; average of frozen whole herring gutted/head on, gutted/head off",Pelagic fish,Est,,,,,,
030242,"Fish; fresh or chilled, anchovies (Engraulis spp.), excluding fillets, livers, roes, and other fish meat of heading 0304",1,FAO Assumed; frozen anchovy gutted/head on,Pelagic fish,Est,,,,,,
030243,"Fish; fresh or chilled, sardines (Sardina pilchardus, Sardinops spp.), sardinella (Sardinella spp.), brisling or sprats (Sprattus sprattus), excluding fillets, livers, roes, and other fish meat of heading 0304",1.215,"FAO Assumed; average of frozen sardine gutted/head on, gutted/head off",Pelagic fish,Est,,,,,,
030244,"Fish; fresh or chilled, mackerel (Scomber scombrus, Scomber australasicus, Scomber japonicus), excluding fillets, livers, roes, and other fish meat of heading 0304",1.285,"FAO Assumed; average frozen mackerel gutted/head on, gutted/head off",Pelagic fish,Est,,,,,,
030245,"Fish; fresh or chilled, jack and horse mackerel (Trachurus spp.), excluding fillets, livers, roes, and other fish meat of heading 0304",1.37,"FAO Assumed; average frozen jack and horse mackerel gutted/head on, gutted/head off",Pelagic fish,Est,,,,,,
030246,"Fish; fresh or chilled, cobia (Rachycentron canadum), excluding fillets, livers, roes, and other fish meat of heading 0304",1.29,FAO Assumed; frozen bonito gutted/head off,Pelagic fish,Est,,,,,,
030247,"Fish; fresh or chilled, swordfish (Xiphias gladius), excluding fillets, livers, roes, and other fish meat of heading 0304",1.31,FAO Assumed; frozen swordfish gutted/head off,Pelagic fish,Est,,,,,,
030249,"Fish; fresh or chilled, n.e.c. in item no. 0302.4, excluding fillets, fish meat of 0304, and edible fish offal of subheadings 0302.91 to 0302.99",1.285714286,FAO Assumed; average of all frozen fish CFs,Marine fish nei,Est,,,,,,
030250,"Fish; cod (gadus morhua, gadus ogac, gadus macrocephalus), fresh or chilled (excluding fillets, livers, roes and other fish meat of heading no. 0304)",1.445,"FAO Assumed; average frozen cod gutted/head on, gutted/head off",Demersal fish,Est,,,,,,
030251,"Fish; fresh or chilled, cod (Gadus morhua, Gadus ogac, Gadus macrocephalus), excluding fillets, livers, roes, and other fish meat of heading 0304",1.445,"FAO Assumed; average frozen cod gutted/head on, gutted/head off",Demersal fish,Est,,,,,,
030252,"Fish; fresh or chilled, haddock (Melanogrammus aeglefinus), excluding fillets, livers, roes, and other fish meat of heading 0304",1.375,"FAO Assumed; average frozen haddock gutted/head on, gutted/head off",Demersal fish,Est,,,,,,
030253,"Fish; fresh or chilled, coalfish (Pollachius virens), excluding fillets, livers, roes, and other fish meat of heading 0304",1.3,"FAO Assumed; average frozen saithe gutted/head on, gutted/head off",Demersal fish,Est,,,,,,
030254,"Fish; fresh or chilled, hake (Merluccius spp., Urophycis spp.), excluding fillets, livers, roes, and other fish meat of heading 0304",1.236666667,"FAO Assumed; average frozen hake dressed gutted/head on, dressed gutted/head off, whole gutted/head on",Demersal fish,Est,,,,,,
030255,"Fish; fresh or chilled, Alaska pollack (Theragra chalcogramma), excluding fillets, livers, roes, and other fish meat of heading 0304",2.17,FAO Assumed; frozen AK pollack dressed gutted/head off,Demersal fish,Est,,,,,,
030256,"Fish; fresh or chilled, blue whitings (Micromesistius poutassou, Micromesistius australis), excluding fillets, livers, roes, and other fish meat of heading 0304",1.412,FAO Assumed; average of all frozen gadidae CFs,Demersal fish,Est,,,,,,
030259,"Fish; fresh or chilled, n.e.c. in item no. 0302.5, excluding fillets, livers, roes, and other fish meat of heading 0304",1.285714286,FAO Assumed; average of all frozen fish CFs,Marine fish nei,Est,,,,,,
030260,"Fish; fresh or chilled, n.e.c. in item no. 0302.5, excluding fillets, livers, roes, and other fish meat of heading 0304",1.285714286,FAO Assumed; average of all frozen fish CFs,Marine fish nei,Est,,,,,,
030261,"Fish; sardines (sardina pilchardus, sardinops spp.), sardinella (sardinella spp.), brisling or sprats (sprattus sprattus), fresh or chilled (excluding fillets, livers, roes and other fish meat of heading no. 0304)",1.215,"FAO Assumed; average of frozen sardine gutted/head on, gutted/head off",Pelagic fish,Est,,,,,,
030262,"Fish; haddock (melanogrammus aeglefinus), fresh or chilled (excluding fillets, livers, roes and other fish meat of heading no. 0304)",1.375,"FAO Assumed; average of frozen haddock gutted/head on, gutted/head off",Pelagic fish,Est,,,,,,
030263,"Fish; coalfish (pollachius virens), fresh or chilled (excluding fillets, livers, roes and other fish meat of heading no. 0304)",1.3,"FAO Assumed; average frozen saithe gutted/head on, gutted/head off",Demersal fish,Est,,,,,,
030264,"Fish; mackerel (scomber scombrus, scomber australasicus, scomber japonicus), fresh of chilled (excluding fillets, livers, roes and other fish meat of heading no. 0304)",1.285,"FAO Assumed; frozen mackerel gutted/head on, gutted/head off",Pelagic fish,Est,,,,,,
030265,"Fish; dogfish and other sharks, fresh or chilled (excluding fillets, livers, roes and other fish meat of heading no. 0304)",1.55,"FAO Assumed; average of frozen shark gutted/head on, gutted/head off",Demersal fish,Est,,,,,,
030266,"Fish; eels (anguilla spp.), fresh or chilled (excluding fillets, livers, roes and other fish meat of heading no. 0304)",1.11,FAO Assumed; frozen eel gutted/head on,Freshwater & diadromous fish,Est,,,,,,
030267,"Fish; swordfish (Xiphias gladius), fresh or chilled (excluding fillets, livers, roes and other fish meat of heading no. 0304)",1.31,FAO Assumed; frozen swordfish gutted/head off,Pelagic fish,Est,,,,,,
030268,"Fish; toothfish (Dissostichus spp.), fresh or chilled (excluding fillets, livers, roes and other fish meat of heading no. 0304)",1.412,FAO Assumed; average of all frozen gadidae CFs,Demersal fish,Est,,,,,,
030269,"Fish; fresh or chilled, n.e.s. in heading no. 0302 (excluding fillets, livers, roes and other fish meat of heading no. 0304)",1.285714286,FAO Assumed; average of all frozen fish CFs,Marine fish nei,Est,,,,,,
030270,"Fish; livers and roes, fresh or chilled",20,FAO Waterman 2001 ratio for cod,Marine fish nei,Est,,,,,,
030271,"Fish; fresh or chilled, tilapias (Oreochromis spp.), excluding fillets, livers, roes, and other fish meat of heading 0304",1.163333333,FAO Assumed; average of all frozen freshwater/anadromous fish,Freshwater & diadromous fish,Est,,,,,,
030272,"Fish; fresh or chilled, catfish (Pangasius spp., Silurus spp., Clarias spp., Ictalurus spp.), excluding fillets, livers, roes, and other fish meat of heading 0304",1.163333333,FAO Assumed; average of all frozen freshwater/anadromous fish,Freshwater & diadromous fish,Est,,,,,,
030273,"Fish; fresh or chilled, carp (Cyprinus carpio, Carassius carassius, Ctenopharyngodon idellus, Hypophthalmichthys spp., Cirrhinus spp., Mylopharyngodon piceus), excluding fillets, livers, roes, and other fish meat of heading 0304",1.163333333,FAO Assumed; average of all frozen freshwater/anadromous fish,Freshwater & diadromous fish,Est,,,,,,
030274,"Fish; fresh or chilled, eels (Anguilla spp.), excluding fillets, livers, roes, and other fish meat of heading 0304",1.11,FAO Assumed; frozen eel gutted/head on,Freshwater & diadromous fish,Est,,,,,,
030279,"Fish; fresh or chilled, Nile perch (Lates niloticus) and snakeheads (Channa spp.), excluding fillets, livers, roes, and other fish meat of heading 0304",1.163333333,FAO Assumed; average of all frozen freshwater/anadromous fish,Freshwater & diadromous fish,Est,,,,,,
030281,"Fish; fresh or chilled, dogfish and other sharks, excluding fillets, livers, roes, and other fish meat of heading 0304",1.55,"FAO Assumed; average of frozen shark gutted/head on, gutted/head off",Demersal fish,Est,,,,,,
030282,"Fish; fresh or chilled, rays and skates (Rajidae), excluding fillets, livers, roes, and other fish meat of heading 0304",1.55,"FAO Assumed; average of frozen shark gutted/head on, gutted/head off",Demersal fish,Est,,,,,,
030283,"Fish; fresh or chilled, toothfish (Dissostichus spp.), excluding fillets, livers, roes, and other fish meat of heading 0304",1.412,FAO Assumed; average of all frozen gadidae CFs,Demersal fish,Est,,,,,,
030284,"Fish; fresh or chilled, seabass (Dicentrarchus spp.), excluding fillets, livers, roes, and other fish meat of heading 0304",1.455,"FAO Assumed; average of frozen sea bass gutted/head on, gutted/head off",Marine fish nei,Est,,,,,,
030285,"Fish; fresh or chilled, seabream (Sparidae), excluding fillets, livers, roes, and other fish meat of heading 0304",1.285,"FAO Assumed; average of sea bream gutted/head on, gutted/head off",Marine fish nei,Est,,,,,,
030289,"Fish; fresh or chilled, n.e.c. in heading 0302, excluding fillets, livers, roes, and other fish meat of heading 0304",1.285714286,FAO Assumed; average of all frozen fish CFs,Marine fish nei,Est,,,,,,
030290,"Fish; fresh or chilled, livers and roes",20,FAO Waterman 2001 ratio for cod,Marine fish nei,Est,,,,,,
030291,"Fish; fresh or chilled, livers, roes and milt",20,FAO Waterman 2001 ratio for cod,Marine fish nei,Est,,,,,,
030292,"Fish; fresh or chilled, shark fins",15.6,Fin/body ratio from prev. studies,Demersal fish,Other,,,,,,
030299,"Fish; fresh or chilled, fish fins (other than shark fins), heads, tails, maws and other edible fish offal",20,FAO Waterman 2001 ratio for cod,Marine fish nei,Est,,,,,,
030300,Fish; frozen,1.285714286,FAO Assumed; average of all frozen fish CFs,Marine fish nei,Est,,,,,,
030310,"Fish; Pacific salmon, (oncorhynchus spp.), frozen (excluding fillets, livers, roes and other fish meat of heading no. 0304)",1.143333333,"FAO Direct; average of whole gutted/head on, dressed gutted/head on, dressed gutted/head off",Freshwater & diadromous fish,FAO,,,,,,
030311,"Fish; Pacific salmon, sockeye salmon, (red salmon), (Oncorhynchus nerka,) frozen, (excluding fillets, livers, roes and other fish meat of heading no. 0304)",1.143333333,"FAO Direct; average of whole gutted/head on, dressed gutted/head on, dressed gutted/head off",Freshwater & diadromous fish,FAO,,,,,,
030312,"Fish; frozen, Pacific salmon (Oncorhynchus gorbuscha/keta/tschawytscha/ kisutch/masou/rhodurus) other than sockeye salmon (Oncorhynchus nerka), excluding fillets, livers, roes, and other fish meat of heading 0304",1.143333333,"FAO Direct; average of whole gutted/head on, dressed gutted/head on, dressed gutted/head off",Freshwater & diadromous fish,FAO,,,,,,
030313,"Fish; frozen, Atlantic salmon (Salmo salar) and Danube salmon (Hucho hucho), excluding fillets, livers, roes, and other fish meat of heading 0304",1.143333333,"FAO Direct; average of whole gutted/head on, dressed gutted/head on, dressed gutted/head off",Freshwater & diadromous fish,FAO,,,,,,
030314,"Fish; frozen, trout (Salmo trutta, Oncorhynchus mykiss, Oncorhynchus clarki, Oncorhynchus aguabonita, Oncorhynchus gilae, Oncorhynchus apache and Oncorhynchus chrysogaster), excluding fillets, livers, roes, and other fish meat of heading 0304",1.4,FAO Direct; gutted/head on,Freshwater & diadromous fish,FAO,,,,,,
030319,"Fish; Pacific salmon, other than sockeye salmon, (Oncorhynchus gorbuscha/keta/tschawytscha/kisutch/masou/rhodurus), frozen, (excluding fillets, livers, roes and other fish meat of heading no. 0304)",1.143333333,"FAO Direct; average of whole gutted/head on, dressed gutted/head on, dressed gutted/head off",Freshwater & diadromous fish,FAO,,,,,,
030321,"Fish; trout (salmo trutta, salmo gairdneri, salmo clarki, salmo aguabonita, salmo gilae), frozen (excluding fillets, livers, roes and other fish meat of heading no. 0304)",1.4,FAO Direct; gutted/head on,Freshwater & diadromous fish,FAO,,,,,,
030322,"Fish; Atlantic salmon (salmo salar) and Danube salmon (hucho hucho), frozen (excluding fillets, livers, roes and other fish meat of heading no. 0304)",1.143333333,"FAO Direct; average of whole gutted/head on, dressed gutted/head on, dressed gutted/head off",Freshwater & diadromous fish,FAO,,,,,,
030323,"Fish; frozen, tilapias (Oreochromis spp.), excluding fillets, livers, roes, and other fish meat of heading 0304",1.163333333,FAO Assumed; average of all frozen freshwater/anadromous fish,Freshwater & diadromous fish,Est,,,,,,
030324,"Fish; frozen, catfish (Pangasius spp., Silurus spp., Clarias spp., Ictalurus spp.), excluding fillets, livers, roes, and other fish meat of heading 0304",1.163333333,FAO Assumed; average of all frozen freshwater/anadromous fish,Freshwater & diadromous fish,Est,,,,,,
030325,"Fish; frozen, carp (Cyprinus carpio, Carassius carassius, Ctenopharyngodon idellus, Hypophthalmichthys spp., Cirrhinus spp., Mylopharyngodon piceus), excluding fillets, livers, roes, and other fish meat of heading 0304",1.163333333,FAO Assumed; average of all frozen freshwater/anadromous fish,Freshwater & diadromous fish,Est,,,,,,
030326,"Fish; frozen, eels (Anguilla spp.), excluding fillets, livers, roes, and other fish meat of heading 0304",1.11,FAO Direct; gutted/head on,Freshwater & diadromous fish,FAO,,,,,,
030329,"Fish; salmonidae, frozen, n.e.s. in item no. 0302.1 and 0302.2 (excluding fillets, livers, roes and other fish meat of heading no. 0304)",1.143333333,"FAO Direct; average of whole gutted/head on, dressed gutted/head on, dressed gutted/head off",Freshwater & diadromous fish,FAO,,,,,,
030331,"Fish; halibut (reinhardtius hippoglossoides, hippoglossus hippoglossus, hippoglossus stenolepis), frozen (excluding fillets, livers, roes and other fish meat of heading no. 0304)",1.25,FAO Direct; average of flatfish dressed gutted/head on; dressed gutted/head off,Demersal fish,FAO,,,,,,
030332,"Fish; plaice (pleuronectes platessa), frozen (excluding fillets, livers, roes and other fish meat of heading no. 0304)",1.25,FAO Direct; average of flatfish dressed gutted/head on; dressed gutted/head off,Demersal fish,FAO,,,,,,
030333,"Fish; sole (solea spp.), frozen (excluding fillets, livers, roes and other fish meat of heading no. 0304)",1.25,FAO Direct; average of flatfish dressed gutted/head on; dressed gutted/head off,Demersal fish,FAO,,,,,,
030334,"Fish; frozen, turbots (Psetta maxima, Scophthalmidae), excluding fillets, livers, roes, and other fish meat of heading 0304",1.25,FAO Direct; average of flatfish dressed gutted/head on; dressed gutted/head off,Demersal fish,FAO,,,,,,
030339,"Fish; flat fish, frozen, n.e.s. in item no. 0303.3 (excluding fillets, livers, roes and other fish meat of heading no. 0304)",1.25,FAO Direct; average of flatfish dressed gutted/head on; dressed gutted/head off,Demersal fish,FAO,,,,,,
030341,"Fish; albacore or longfinned tunas (thunnus alalunga), frozen (excluding fillets, livers, roes and other fish meat of heading no. 0304)",1.26,"FAO Direct; average of Other tunas gutted/head on, gutted/head off",Pelagic fish,FAO,,,,,,
030342,"Fish; yellowfin tunas (thunnus albacares), frozen (excluding fillets, livers, roes and other fish meat of heading no. 0304)",1.1,FAO Direct; yellowfin gutted/head on,Pelagic fish,FAO,,,,,,
030343,"Fish; skipjack or stripe-bellied bonito, frozen (excluding fillets, livers, roes and other fish meat of heading no. 0304)",1.1,FAO Direct; skipjack gutted/head on,Pelagic fish,FAO,,,,,,
030344,"Fish; bigeye tunas (Thunnus obesus), frozen, (excluding fillets, livers, roes and other fish meat of heading no. 0304)",1.26,"FAO Direct; average of Other tunas gutted/head on, gutted/head off",Pelagic fish,FAO,,,,,,
030345,"Fish; bluefin tuna (Thunnus thynnus), frozen, (excluding fillets, livers, roes and other fish meat of heading no. 0304)",1.26,"FAO Direct; average of Other tunas gutted/head on, gutted/head off",Pelagic fish,FAO,,,,,,
030346,"Fish; southern bluefin tunas (Thunnus maccoyii), frozen, n.e.c. in item no. 0303.4 (excluding fillets, livers, roes and other fish meat of heading no. 0304)",1.26,"FAO Direct; average of Other tunas gutted/head on, gutted/head off",Pelagic fish,FAO,,,,,,
030349,"Fish; tuna, frozen, n.e.s. in item no. 0303.4 (excluding fillets, livers, roes and other fish meat of heading no. 0304)",1.26,"FAO Direct; average of Other tunas gutted/head on, gutted/head off",Pelagic fish,FAO,,,,,,
030350,"Fish; herrings (clupea harengus, clupea pallasii), frozen (excluding fillets, livers, roes and other fish meat of heading no. 0304)",1.26,"FAO Direct; average of herring gutted/head on, gutted/head off",Pelagic fish,FAO,,,,,,
030351,"Fish; herrings (Clupea harengus, Clupea pallasii), frozen (excluding fillets, livers, roes and other fish meat of heading no. 0304)",1.26,"FAO Direct; average of herring gutted/head on, gutted/head off",Pelagic fish,FAO,,,,,,
030352,"Fish; cod (Gadus morhua, Gadus ogac, Gadus macrocephalus), frozen (excluding fillets, livers, roes and other fish meat of heading no. 0304)",1.445,"FAO Direct; average of cod gutted/head on, cod gutted/head off",Demersal fish,FAO,,,,,,
030353,"Fish; frozen, sardines (Sardina pilchardus, Sardinops spp.), sardinella (Sardinella spp.), brisling or sprats (Sprattus sprattus), excluding fillets, livers, roes, and other fish meat of heading 0304",1.143333333,"FAO Direct; average of sardine, sprat gutted/head on, gutted/head off",Pelagic fish,FAO,,,,,,
030354,"Fish; frozen, mackerel (Scomber scombrus, Scomber australasicus, Scomber japonicus), excluding fillets, livers, roes, and other fish meat of heading 0304",1.285,"FAO Direct; average of mackerel gutted/head on, gutted/head off",Pelagic fish,FAO,,,,,,
030355,"Fish; frozen, jack and horse mackerel (Trachurus spp.), excluding fillets, livers, roes, and other fish meat of heading 0304",1.37,"FAO Direct; average of jack and horse mackerel gutted/head on, gutted/head off",Pelagic fish,FAO,,,,,,
030356,"Fish; frozen, cobia (Rachycentron canadum), excluding fillets, livers, roes, and other fish meat of heading 0304",1.29,FAO Assumed; frozen bonito gutted/head off,Marine fish nei,Est,,,,,,
030357,"Fish; frozen, swordfish (Xiphias gladius), excluding fillets, livers, roes, and other fish meat of heading 0304",1.31,FAO Direct; swordfish gutted/head off,Pelagic fish,FAO,,,,,,
030359,"Fish; frozen, n.e.c. in item no. 0303.5, excluding fillets, fish meat of 0304, and edible fish offal of subheadings 0303.91 to 0303.99",1.285714286,FAO Assumed; average of all frozen fish CFs,Marine fish nei,Est,,,,,,
030360,"Fish; cod (gadus morhua, gadus ogac, gadus macrocephalus), frozen (excluding fillets, livers, roes and other fish meat of heading no. 0304)",1.445,"FAO Direct; average of cod gutted/head on, cod gutted/head off",Demersal fish,FAO,,,,,,
030361,"Fish; swordfish (Xiphias gladius), frozen (excluding fillets, livers, roes and other fish meat of heading no. 0304)",1.31,FAO Direct; swordfish gutted/head off,Pelagic fish,FAO,,,,,,
030362,"Fish; toothfish (Dissostichus spp.), frozen (excluding fillets, livers, roes and other fish meat of heading no. 0304)",1.412,FAO Assumed; average of all frozen gadidae CFs,Demersal fish,Est,,,,,,
030363,"Fish; frozen, cod (Gadus morhua, Gadus ogac, Gadus macrocephalus), excluding fillets, livers, roes, and other fish meat of heading 0304",1.445,"FAO Direct; average of cod gutted/head on, cod gutted/head off",Demersal fish,FAO,,,,,,
030364,"Fish; frozen, haddock (Melanogrammus aeglefinus), excluding fillets, livers, roes, and other fish meat of heading 0304",1.375,FAO Direct; average of haddock gutted/head on and haddock gutted/head off,Demersal fish,FAO,,,,,,
030365,"Fish; frozen, coalfish (Pollachius virens), excluding fillets, livers, roes, and other fish meat of heading 0304",1.3,"FAO Assumed; average frozen saithe gutted/head on, gutted/head off",Demersal fish,Est,,,,,,
030366,"Fish; frozen, hake (Merluccius spp., Urophycis spp.), excluding fillets, livers, roes, and other fish meat of heading 0304",1.236666667,"FAO Direct; average of hake dressed gutted/head on, dressed gutted/head off, whole gutted/head on",Demersal fish,FAO,,,,,,
030367,"Fish; frozen, Alaska pollack (Theraga chalcogramma), excluding fillets, livers, roes, and other fish meat of heading 0304",2.17,FAO Direct; Alaska pollack dressed gutted/head off,Demersal fish,FAO,,,,,,
030368,"Fish; frozen, blue whitings (Micromesistius poutassou, Micromesistius australis), excluding fillets, livers, roes, and other fish meat of heading 0304",1.412,FAO Assumed; average of all frozen gadidae CFs,Demersal fish,Est,,,,,,
030369,"Fish; frozen, of Bregmacerotidae, Euclichthyidae, Gadidae, Macrouridae, Melanonidae, Merlucciidae, Moridae, Muraenolepididae, other than cod, haddock, coalfish, hake, Alaska pollack, blue whitings, excluding fillets, livers, roes, other fish meat of 0304",1.412,FAO Assumed; average of all frozen gadidae CFs,Demersal fish,Est,,,,,,
030371,"Fish; sardines (sardina pilchardus, sardinops spp.), sardinella (sardinella spp.), brisling or sprats (sprattus sprattus), frozen (excluding fillets, livers, roes and other fish meat of heading no. 0304)",1.143333333,"FAO Direct; average of sardine, sprat gutted/head on, gutted/head off",Pelagic fish,FAO,,,,,,
030372,"Fish; haddock (melanogrammus aeglefinus), frozen (excluding fillets, livers, roes and other fish meat of heading no. 0304)",1.375,FAO Direct; average of haddock gutted/head on and haddock gutted/head off,Demersal fish,FAO,,,,,,
030373,"Fish; coalfish (pollachius virens), frozen (excluding fillets, livers, roes and other fish meat of heading no. 0304)",1.3,"FAO Assumed; average frozen saithe gutted/head on, gutted/head off",Demersal fish,Est,,,,,,
030374,"Fish; mackerel (scomber scombrus, scomber australasicus, scomber japonicus), frozen (excluding fillets, livers, roes and other fish meat of heading no. 0304)",1.285,"FAO Direct; average of mackerel gutted/head on, gutted/head off",Pelagic fish,FAO,,,,,,
030375,"Fish; dogfish and other sharks, frozen (excluding fillets, livers, roes and other fish meat of heading no. 0304)",1.55,"FAO Direct; average of shark gutted/head on, gutted head/off",Demersal fish,FAO,,,,,,
030376,"Fish; eels (anguilla spp.), frozen (excluding fillets, livers, roes and other fish meat of heading no. 0304)",1.11,FAO Direct; gutted/head on,Freshwater & diadromous fish,FAO,,,,,,
030377,"Fish; sea bass (dicentrarchus labrax, dicentrarchus punctatus), frozen, (excluding fillets, livers, roes and other fish meat of heading no. 0304)",1.455,"FAO Direct; average of sea bass gutted/head on, gutted/headoff",Marine fish nei,FAO,,,,,,
030378,"Fish; hake (merluccius spp., urophycis spp.), frozen (excluding fillets, livers, roes and other fish meat of heading no. 0304)",1.236666667,"FAO Direct; average of hake dressed gutted/head on, dressed gutted/head off, whole gutted/head on",Demersal fish,FAO,,,,,,
030379,"Fish; frozen, n.e.s. in heading no. 0303 (excluding fillets, livers, roes and other fish meat of heading no. 0304)",1.285714286,FAO Assumed; average of all frozen fish CFs,Marine fish nei,Est,,,,,,
030380,"Fish; livers and roes, frozen",20,FAO Waterman 2001 ratio for cod,Marine fish nei,Est,,,,,,
030381,"Fish; frozen, dogfish and other sharks, excluding fillets, livers, roes, and other fish meat of heading 0304",1.55,"FAO Direct; average of shark gutted/head on, gutted head/off",Demersal fish,FAO,,,,,,
030382,"Fish; frozen, rays and skates (Rajidae), excluding fillets, livers, roes, and other fish meat of heading 0304",1.55,"FAO Direct; average of shark gutted/head on, gutted head/off",Demersal fish,FAO,,,,,,
030383,"Fish; frozen, toothfish (Dissostichus spp.), excluding fillets, livers, roes, and other fish meat of heading 0304",1.412,FAO Assumed; average of all frozen gadidae CFs,Demersal fish,Est,,,,,,
030384,"Fish; frozen, seabass (Dicentrarchus spp.), excluding fillets, livers, roes, and other fish meat of heading 0304",1.455,"FAO Direct; average of sea bass gutted/head on, gutted/headoff",Marine fish nei,FAO,,,,,,
030389,"Fish; frozen, n.e.c. in heading 0303, excluding fillets, livers, roes, and other fish meat of heading 0304",1.285714286,FAO Assumed; average of all frozen fish CFs,Marine fish nei,Est,,,,,,
030390,"Fish; frozen, livers and roes",20,FAO Waterman 2001 ratio for cod,Marine fish nei,Est,,,,,,
030391,"Fish; frozen, livers, roes and milt",20,FAO Waterman 2001 ratio for cod,Marine fish nei,Est,,,,,,
030392,"Fish; frozen, shark fins",15.6,Fin/body ratio from prev. studies,Demersal fish,Other,,,,,,
030399,"Fish; frozen, fish fins (other than shark fins), heads, tails, maws and other edible fish offal",20,FAO Waterman 2001 ratio for cod,Marine fish nei,Est,,,,,,
030400,"Fish; Fillets and Other Meat, fresh or chilled",2.711714286,FAO Assumed; average of all fillet CFs,Marine fish nei,Est,,,,,,
030410,"Fish; fillets and other fish meat, fresh or chilled (whether or not minced)",2.711714286,FAO Assumed; average of all fillet CFs,Marine fish nei,Est,,,,,,
030411,"Fish; swordfish (Xiphias gladius), fillets and other fish meat (whether or not minced), fresh or chilled",1.73,"FAO Assumed; average of raw, skin off tuna CFs",Pelagic fish,Est,,,,,,
030412,"Fish; toothfish (Dissostichus spp.), fillets and other fish meat (whether or not minced), fresh or chilled",3.042631579,"FAO Assumed; average of raw, skin off gadidae CFs",Demersal fish,Est,,,,,,
030419,"Fish; fillets and other fish meat (whether or not minced), fresh or chilled, other than swordfish (Xiphias gladius) and toothfish (Dissostichus spp.)",2.711714286,FAO Assumed; average of all fillet CFs,Demersal fish,Est,,,,,,
030420,"Fish; fillets, frozen",2.711714286,FAO Assumed; average of all fillet CFs,Marine fish nei,Est,,,,,,
030421,"Fish; swordfish (Xiphias gladius), fillets, frozen",1.73,"FAO Assumed; average of raw, skin off tuna CFs",Pelagic fish,Est,,,,,,
030422,"Fish; toothfish (Dissostichus spp.), fillets, frozen",3.042631579,"FAO Assumed; average of raw, skin off gadidae CFs",Demersal fish,Est,,,,,,
030429,"Fish; fillets, frozen, other than swordfish (Xiphias gladius) and toothfish (Dissostichus spp.)",2.711714286,FAO Assumed; average of all fillet CFs,Pelagic fish,Est,,,,,,
030431,"Fish fillets; fresh or chilled, tilapias (Oreochromis spp.)",3.09,FAO Assumed; average of catfish fillet raw CF and skin off CF,Freshwater & diadromous fish,Est,,,,,,
030432,"Fish fillets; fresh or chilled, catfish (Pangasius spp., Silurus spp., Clarias spp., Ictalurus spp.)",3.09,FAO Direct; average of catfish fillet raw CF and skin off CF,Freshwater & diadromous fish,FAO,,,,,,
030433,"Fish fillets; fresh or chilled, Nile perch (Lates niloticus)",3.09,FAO Assumed; average of catfish fillet raw CF and skin off CF,Freshwater & diadromous fish,Est,,,,,,
030439,"Fish fillets; fresh or chilled, carp (Cyprinus carpio, Carassius carassius, Ctenopharyngodon idellus, Hypophthalmichthys spp., Cirrhinus spp., Mylopharyngodon piceus), eels (Anguilla spp.), and snakeheads (Channa spp.)",3.09,FAO Assumed; average of catfish fillet raw CF and skin off CF,Freshwater & diadromous fish,Est,,,,,,
030441,"Fish fillets; fresh or chilled, salmon, Pacific (Oncorhynchus nerka, Oncorhynchus gorbuscha, Oncorhynchus keta, Oncorhynchus tschawytscha, Oncorhynchus kisutch, Oncorhynchus masou and Oncorhynchus rhodurus), Atlantic (Salmo salar), Danube (Hucho hucho)",2,"FAO Direct; salmon fillets skin off, raw CF",Freshwater & diadromous fish,FAO,,,,,,
030442,"Fish fillets; fresh or chilled, trout (Salmo trutta, Oncorhynchus mykiss, Oncorhynchus clarki, Oncorhynchus aguabonita, Oncorhynchus gilae, Oncorhynchus apache and Oncorhynchus chrysogaster)",2,"FAO Assumed; salmon fillets skin off, raw CFs",Freshwater & diadromous fish,Est,,,,,,
030443,"Fish fillets; fresh or chilled, flat fish (Pleuronectidae, Bothidae, Cynoglossidae, Soleidae, Scophthalmidae and Citharidae)",2.545,"FAO Direct; average of flatfish fillets raw CF, skin off CF",Demersal fish,FAO,,,,,,
030444,"Fish fillets; fresh or chilled, of the families Bregmacerotidae, Euclichthyidae, Gadidae, Macrouridae, Melanonidae, Merlucciidae, Moridae, and Muraenolepididae",3.042631579,"FAO Assumed; average of raw, skin off gadidae CFs",Demersal fish,Est,,,,,,
030445,"Fish fillets; fresh or chilled, swordfish (Xiphias gladius)",1.73,"FAO Assumed; average of raw, skin off tuna CFs",Pelagic fish,Est,,,,,,
030446,"Fish fillets; fresh or chilled, toothfish (Dissostichus spp.)",3.042631579,"FAO Assumed; average of raw, skin off gadidae CFs",Demersal fish,Est,,,,,,
030447,"Fish fillets; fresh or chilled, dogfish and other sharks",1.73,"FAO Assumed; average of raw, skin off tuna CFs",Demersal fish,Est,,,,,,
030448,"Fish fillets; fresh or chilled, rays and skates (Rajidae)",1.73,"FAO Assumed; average of raw, skin off tuna CFs",Demersal fish,Est,,,,,,
030449,"Fish fillets; fresh or chilled, other than fish of heading 0304.4",2.711714286,FAO Assumed; average of all fillet CFs,Marine fish nei,Est,,,,,,
030451,"Fish meat, excluding fillets, whether or not minced; fresh or chilled, tilapias, catfish, carp, eels, Nile perch, and snakeheads",3.09,FAO Assumed; average of catfish fillet raw CF and skin off CF,Freshwater & diadromous fish,Est,,,,,,
030452,"Fish meat, excluding fillets, whether or not minced; fresh or chilled, salmonidae",2,FAO Direct; salmon fillets skin off CF,Freshwater & diadromous fish,FAO,,,,,,
030453,"Fish meat, excluding fillets, whether or not minced; fresh or chilled, of the families Bregmacerotidae, Euclichthyidae, Gadidae, Macrouridae, Melanonidae, Merlucciidae, Moridae, and Muraenolepididae",3.042631579,"FAO Assumed; average of raw, skin off gadidae CFs",Demersal fish,Est,,,,,,
030454,"Fish meat, excluding fillets, whether or not minced; fresh or chilled, swordfish (Xiphias gladius)",1.73,"FAO Assumed; average of raw, skin off tuna CFs",Pelagic fish,Est,,,,,,
030455,"Fish meat, excluding fillets, whether or not minced; fresh or chilled, toothfish (Dissostichus spp.)",3.042631579,"FAO Assumed; average of raw, skin off gadidae CFs",Demersal fish,Est,,,,,,
030456,"Fish meat; excluding fillets, whether or not minced; fresh or chilled, dogfish and other sharks",1.73,"FAO Assumed; average of raw, skin off tuna CFs",Demersal fish,Est,,,,,,
030457,"Fish meat; excluding fillets, whether or not minced; fresh or chilled, rays and skates (Rajidae)",1.73,"FAO Assumed; average of raw, skin off tuna CFs",Demersal fish,Est,,,,,,
030459,"Fish meat; excluding fillets, whether or not minced; fresh or chilled, of fish n.e.c. in item no. 0304.5",2.711714286,FAO Assumed; average of all fillet CFs,Marine fish nei,Est,,,,,,
030461,"Fish fillets; frozen, tilapias (Oreochromis spp.)",3.09,FAO Assumed; average of catfish fillet raw CF and skin off CF,Freshwater & diadromous fish,Est,,,,,,
030462,"Fish fillets; frozen, catfish (Pangasius spp., Silurus spp., Clarias spp., Ictalurus spp.)",3.09,FAO Direct; average of catfish fillet raw CF and skin off CF,Freshwater & diadromous fish,FAO,,,,,,
030463,"Fish fillets; frozen, Nile Perch (Lates niloticus)",3.09,FAO Assumed; average of catfish fillet raw CF and skin off CF,Freshwater & diadromous fish,Est,,,,,,
030469,"Fish fillets; frozen, carp (Cyprinus carpio, Carassius carassius, Ctenopharyngodon idellus, Hypophthalmichthys spp., Cirrhinus spp., Mylopharyngodon piceus), eels (Anguilla spp.), and snakeheads (Channa spp.)",3.09,FAO Assumed; average of catfish fillet raw CF and skin off CF,Freshwater & diadromous fish,Est,,,,,,
030471,"Fish fillets; frozen, cod (Gadus morhua, Gadus ogac, Gadus macrocephalus)",2.97,FAO Direct; average of cod fillet raw CF and skin off CF options,Demersal fish,FAO,,,,,,
030472,"Fish fillets; frozen, haddock (Melanogrammus aeglefinus)",2.83,FAO Direct; average of haddock fillet faw CF and skin off CF options,Demersal fish,FAO,,,,,,
030473,"Fish fillets; frozen, coalfish (Pollachius virens)",2.335,FAO Assumed; average of saithe fillet raw CF and skin CFs,Demersal fish,Est,,,,,,
030474,"Fish fillets; frozen, hake (Merluccius spp., Urophycis spp.)",2.776666667,FAO Direct; average of hake fillet raw CF and skin off CF options,Demersal fish,FAO,,,,,,
030475,"Fish fillets; frozen, Alaska pollack (Theraga chalcogramma)",3.78,FAO Direct; AK pollack fillet skin off,Demersal fish,FAO,,,,,,
030479,"Fish fillets; frozen, of the families Bregmacerotidae, Euclichthyidae, Gadidae, Macrouridae, Melanonidae, Merlucciidae, Moridae and Muraenolepididae other than cod, haddock, coalfish, hake, and Alaska pollack",3.042631579,"FAO Assumed; average of raw, skin off gadidae CFs",Demersal fish,Est,,,,,,
030481,"Fish fillets; frozen, salmon, Pacific (Oncorhynchus nerka, Oncorhynchus gorbuscha, Oncorhynchus keta, Oncorhynchus tschawytscha, Oncorhynchus kisutch, Oncorhynchus masou, Oncorhynchus rhodurus), Atlantic (Salmo salar), and Danube (Hucho hucho)",2,FAO Direct; salmon fillets skin off CF,Freshwater & diadromous fish,FAO,,,,,,
030482,"Fish fillets; frozen, trout (Salmo trutta, Oncorhynchus mykiss, Oncorhynchus clarki, Oncorhynchus aguabonita, Oncorhynchus gilae, Oncorhynchus apache and Oncorhynchus chrysogaster)",2,"FAO Assumed; salmon fillets skin off, raw CFs",Freshwater & diadromous fish,Est,,,,,,
030483,"Fish fillets; frozen, flat fish (Pleuronectidae, Bothidae, Cynoglossidae, Soleidae, Scophthalmidae and Citharidae)",2.545,"FAO Direct; average of flatfish fillets raw CF, skin off CF",Demersal fish,FAO,,,,,,
030484,"Fish fillets; frozen, swordfish (Xiphias gladius)",1.73,"FAO Assumed; average of raw, skin off tuna CFs",Pelagic fish,Est,,,,,,
030485,"Fish fillets; frozen, toothfish (Dissostichus spp.)",3.042631579,"FAO Assumed; average of raw, skin off gadidae CFs",Demersal fish,Est,,,,,,
030486,"Fish fillets; frozen, herrings (Clupea harengus, Clupea pallasii)",1.895,FAO Direct; average of herring fillets raw CF and skin off CF,Pelagic fish,FAO,,,,,,
030487,"Fish fillets; frozen, tunas (of the genus Thunnus), skipjack or stripe-bellied bonito (Euthynnus (Katsuwonus) pelamis)",1.73,FAO Direct; average of tuna fillets raw CF and skin off CF,Pelagic fish,FAO,,,,,,
030488,"Fish fillets; frozen, dogfish, other sharks, rays and skates (Rajidae)",1.73,"FAO Assumed; average of raw, skin off tuna CFs",Demersal fish,Est,,,,,,
030489,"Fish fillets; frozen, of fish n.e.c. in heading 0304.8",2.711714286,FAO Assumed; average of all fillet CFs,Marine fish nei,Est,,,,,,
030490,"Fish; fish meat n.e.s. in heading no. 0304 (whether or not minced), fresh, chilled or frozen",2.711714286,FAO Assumed; average of all fillet CFs,Marine fish nei,Est,,,,,,
030491,"Fish; swordfish (Xiphias gladius), frozen, other than fillets",1.73,"FAO Assumed; average of raw, skin off tuna CFs",Pelagic fish,Est,,,,,,
030492,"Fish; toothfish (Dissostichus spp.), frozen, other than fillets",3.042631579,"FAO Assumed; average of raw, skin off gadidae CFs",Demersal fish,Est,,,,,,
030493,"Fish meat, excluding fillets, whether or not minced; frozen, tilapias, catfish, carp, eels, Nile perch, and snakeheads",3.09,FAO Assumed; average of catfish fillet raw CF and skin off CF,Freshwater & diadromous fish,Est,,,,,,
030494,"Fish meat, excluding fillets, whether or not minced; frozen, Alaska Pollack (Theraga chalcogramma)",3.78,FAO Assumed; average of AK pollack fillet CFs,Demersal fish,Est,,,,,,
030495,"Fish meat, excluding fillets, whether or not minced; frozen, of the families Bregmacerotidae, Euclichthyidae, Gadidae, Macrouridae, Melanonidae, Merlucciidae, Moridae and Muraenolepididae, other than Alaska Pollack (Theraga chalcogramma)",3.042631579,"FAO Assumed; average of raw, skin off gadidae CFs",Demersal fish,Est,,,,,,
030496,"Fish meat, excluding fillets, whether or not minced; frozen, dogfish and other sharks",1.73,"FAO Assumed; average of raw, skin off tuna CFs",Demersal fish,Est,,,,,,
030497,"Fish meat, excluding fillets, whether or not minced; frozen, rays and skates (Rajidae)",1.73,"FAO Assumed; average of raw, skin off tuna CFs",Demersal fish,Est,,,,,,
030499,"Fish; fish meat (whether or not minced) other than fillets, frozen, excluding swordfish (Xiphias gladius) and toothfish (Dissostichus spp.)",2.711714286,FAO Assumed; average of all fillet CFs,Marine fish nei,Est,,,,,,
030500,"Fish Dried, Salted, or in Brine",2.294210526,FAO Assumed; average of dried/salted/brined deduced CFs,Marine fish nei,Est,,,,,,
030510,Fish meal; fit for human consumption,1,Base assumption due to lack of information,Marine fish nei,Other,,,,,,
030520,"Fish; livers and roes, dried, smoked (whether or not cooked before or during the smoking process), salted or in brine",20,FAO Waterman 2001 ratio for cod,Marine fish nei,Est,,,,,,
030530,"Fish; fillets, dried, salted or in brine, but not smoked",2.294210526,FAO Assumed; average of dried/salted/brined deduced CFs,Marine fish nei,Est,,,,,,
030531,"Fish fillets; dried, salted or in brine, but not smoked, tilapias, catfish, carp, eels, Nile perch, and snakeheads",2.48,"FAO Direct; average of deduced CFs of dry gutted tilapia, freshwater fillet, salted/wet/brined freshwater fish",Freshwater & diadromous fish,FAO,,,,,,
030532,"Fish fillets; dried, salted or in brine, but not smoked, of the families Bregmacerotidae, Euclichthyidae, Gadidae, Macrouridae, Melanonidae, Merlucciidae, Moridae and Muraenolepididae",2.722,FAO Assumed; average of dried/salted/brined gadidae and other demersal deduced CFs,Demersal fish,Est,,,,,,
030539,"Fish fillets; dried, salted or in brine, but not smoked, n.e.c. in item no. 0305.3",2.294210526,FAO Assumed; average of dried/salted/brined deduced CFs,Marine fish nei,Est,,,,,,
030541,"Fish; Pacific salmon (oncorhynchus spp.), Atlantic salmon (salmo salar) and Danube salmon (hucho hucho), including fillets, smoked (whether or not cooked before or during the smoking process)",1.92,FAO Direct; deduced CF for smoked salmon,Freshwater & diadromous fish,FAO,,,,,,
030542,"Fish; herrings (clupea harengus, clupea pallasii), including fillets; smoked (whether or not cooked before or during the smoking process)",1.49,FAO Direct; deduced CF for smoked herring,Pelagic fish,FAO,,,,,,
030543,"Fish; smoked, whether or not cooked before or during smoking, trout (Salmo trutta, Oncorhynchus mykiss/clarki/aguabonita/gilae/apache/chrysogaster), includes fillets, but excludes edible fish offal",1.92,"FAO Assumed, deduced CF for smoked salmon",Freshwater & diadromous fish,Est,,,,,,
030544,"Fish; smoked, whether or not cooked before or during smoking, tilapias, catfish, carp, eels, Nile perch, and snakeheads, includes fillets, but excludes edible fish offal",1.43,FAO Assumed; deduced CF for smoked eel,Freshwater & diadromous fish,Est,,,,,,
030549,"Fish; smoked (whether or not cooked before or during the smoking process), n.e.s. in item no. 0305.4 (including fillets)",1.683333333,FAO Assumed; average of all smoked fish deduced CFs,Marine fish nei,Est,,,,,,
030551,"Fish; cod (gadus morhua, gadus ogac, gadus macrocephalus), dried (whether or not salted but not smoked)",2.955,FAO Direct; average of deduced CFs of dried gutted cod and filleted cod,Demersal fish,FAO,,,,,,
030552,"Fish; dried, whether or not salted but not smoked, tilapias, catfish, carp, eels, Nile perch, and snakeheads",2.97,FAO Direct; average of deduced CFS of dried gutted tilapia and other freshwater fish fillets,Freshwater & diadromous fish,FAO,,,,,,
030553,"Fish; dried, whether or not salted but not smoked, fish of the families Bregmacerotidae, Euclichthyidae, Gadidae, Macrouridae, Melanonidae, Merlucciidae, Moridae and Muraenolepididae, other than cod",3.336666667,FAO Assumed; average of deduced CFs of dried gadidae,Demersal fish,Est,,,,,,
030554,"Dried herrings, anchovies, sardines, sardinella, brisling or sprats, mackerel (incl Indian, jack, or horse), seerfishes, jacks, crevalles, cobia, silver pomfrets, Pacific saury, scads, capelin, swordfish, Kawakawa, bonitos, marlins, sailfishes, spearfish",3.036666667,"FAO Assumed; average of deduced CFs of dried pilchard, tuna, shark",Pelagic fish,Est,,,,,,
030559,"Fish; dried (whether or not salted but not smoked), n.e.s. in item no. 0305.51",3.216666667,FAO Assumed; average of all deduced CFs of dried fish,Marine fish nei,Est,,,,,,
030561,"Fish; herrings (clupea harengas, clupea pallasii), salted or in brine but not dried or smoked",1.39,FAO Direct; recommended CF for salted/wet/brined herring,Pelagic fish,FAO,,,,,,
030562,"Fish; cod (gadus morhua, gadus ogac, gadus macrocephalus), salted or in brine but not dried or smoked",2,FAO Direct; recommended CF for salted/wet/brined cod,Demersal fish,FAO,,,,,,
030563,"Fish; anchovies (engraulis spp.), salted or in brine but not dried or smoked",1.33,FAO Direct; recommended CF for salted/wet/brined anchovies,Pelagic fish,FAO,,,,,,
030564,"Fish; salted or in brine, not dried or smoked, other than edible fish offal, tilapias, catfish, carp, eels, Nile perch, and snakeheads",1.5,FAO Direct; recommend CF for salted/wet/brined freshwater fish,Freshwater & diadromous fish,FAO,,,,,,
030569,"Fish; salted or in brine, but not dried or smoked, n.e.s. in item no. 0305.6",1.464,FAO Assumed; average of all recommended CFs for salted/wet/brined fish,Marine fish nei,Est,,,,,,
030571,"Fish; edible offal, shark fins",15.6,Fin/body ratio from prev. studies,Demersal fish,Other,,,,,,
030572,"Fish; edible offal, fish heads, tails and maws",20,FAO Waterman 2001 ratio for cod,Marine fish nei,Est,,,,,,
030579,"Fish; edible offal, other than shark fins, fish heads, tails and maws",20,FAO Waterman 2001 ratio for cod,Marine fish nei,Est,,,,,,
030600,Crustaceans,3.286666667,FAO Assumed; average of all crustacean indicative CFs,Crustaceans,Est,,,,,,
030611,"Crustaceans; rock lobsters and other sea crawfish (palinurus spp., panulirus spp., jasus spp.), frozen (whether in shell or not, whether or not cooked by steaming or by boiling in water)",3.245,"FAO Direct; average of lobsters tails (shell on), meat indicative CFs",Crustaceans,FAO,,,,,,
030612,"Crustaceans; lobsters (homarus spp.), frozen (whether in shell or not, whether or not cooked by steaming or by boiling in water)",3.245,"FAO Direct; average of lobsters tails (shell on), meat indicative CFs",Crustaceans,FAO,,,,,,
030613,"Crustaceans; shrimps and prawns, frozen (whether in shell or not, whether or not cooked by steaming or by boiling in water)",2.41,"FAO Direct; average of shrimps/prawns tails (shell on), tails (peeled), meat indicative CFs",Crustaceans,FAO,,,,,,
030614,"Crustaceans; crabs, frozen (whether in shell or not, whether or not cooked by steaming or by boiling in water)",6,FAO Direct; crab meat indicative CF,Crustaceans,FAO,,,,,,
030615,"Crustaceans; frozen, Norway lobsters (Nephrops norvegicus), in shell or not, smoked, cooked or not before or during smoking; in shell, cooked by steaming or by boiling in water",3.245,"FAO Direct; average of lobsters tails (shell on), meat indicative CFs",Crustaceans,FAO,,,,,,
030616,"Crustaceans; frozen, cold-water shrimps and prawns (Pandalus spp., Crangon crangon), in shell or not, smoked, cooked or not before or during smoking; in shell, cooked by steaming or by boiling in water",2.41,"FAO Direct; average of shrimps/prawns tails (shell on), tails (peeled), meat indicative CFs",Crustaceans,FAO,,,,,,
030617,"Crustaceans; frozen, shrimps and prawns, excluding cold-water varieties, in shell or not, smoked, cooked or not before or during smoking; in shell, cooked by steaming or by boiling in water",2.41,"FAO Direct; average of shrimps/prawns tails (shell on), tails (peeled), meat indicative CFs",Crustaceans,FAO,,,,,,
030619,"Crustaceans; frozen, n.e.s. in item no. 0306.1 (whether in shell or not, whether or not cooked by steaming or by boiling in water)",3.286666667,FAO Assumed; average of all crustacean indicative CFs,Crustaceans,Est,,,,,,
030620,Crustaceans,3.286666667,FAO Assumed; average of all crustacean indicative CFs,Crustaceans,Est,,,,,,
030621,"Crustaceans; rock lobster and other sea crawfish (palinurus spp., panulirus spp., jasus spp.), not frozen, (whether in shell or not, whether or not cooked by steaming or by boiling in water)",3.245,"FAO Direct; average of lobsters tails (shell on), meat indicative CFs",Crustaceans,FAO,,,,,,
030622,"Crustaceans; lobsters (homarus spp.), not frozen, (whether in shell or not, whether or not cooked by steaming or by boiling in water)",3.245,"FAO Direct; average of lobsters tails (shell on), meat indicative CFs",Crustaceans,FAO,,,,,,
030623,"Crustaceans; shrimps and prawns, not frozen, (whether in shell or not, whether or not cooked by steaming or by boiling in water)",2.41,"FAO Direct; average of shrimps/prawns tails (shell on), tails (peeled), meat indicative CFs",Crustaceans,FAO,,,,,,
030624,"Crustaceans; crabs, not frozen, (whether in shell or not, whether or not cooked by steaming or by boiling in water)",6,FAO Direct; crab meat indicative CF,Crustaceans,FAO,,,,,,
030625,"Crustaceans; not frozen, Norway lobsters (Nephrops norvegicus), in shell or not, smoked, cooked or not before or during smoking; in shell, cooked by steaming or by boiling in water; edible flours, meals, and pellets",3.245,"FAO Direct; average of lobsters tails (shell on), meat indicative CFs",Crustaceans,FAO,,,,,,
030626,"Crustaceans; not frozen, cold-water shrimps and prawns (Pandalus spp., Crangon crangon), in shell or not, smoked, cooked or not before or during smoking; in shell, cooked by steaming or by boiling in water; edible flour, meals, and pellets",2.41,"FAO Direct; average of shrimps/prawns tails (shell on), tails (peeled), meat indicative CFs",Crustaceans,FAO,,,,,,
030627,"Crustaceans; not frozen, shrimps and prawns excluding cold-water varieties, in shell or not, smoked, cooked or not before or during smoking; in shell, cooked by steaming or by boiling in water; edible flour, meals, and pellets",2.41,"FAO Direct; average of shrimps/prawns tails (shell on), tails (peeled), meat indicative CFs",Crustaceans,FAO,,,,,,
030629,"Crustaceans; not frozen, n.e.s. in heading no. 0306, (whether in shell or not, whether or not cooked by steaming or by boiling in water)",3.286666667,FAO Assumed; average of all crustacean indicative CFs,Crustaceans,Est,,,,,,
030631,"Crustaceans; live, fresh or chilled, rock lobsters and other sea crawfish (Palinurus spp., Panulirus spp., Jasus spp.), in shell or not",3.245,"FAO Direct; average of lobsters tails (shell on), meat indicative CFs",Crustaceans,FAO,,,,,,
030632,"Crustaceans; live, fresh or chilled, lobsters (Homarus spp.), whether in shell or not",3.245,"FAO Direct; average of lobsters tails (shell on), meat indicative CFs",Crustaceans,FAO,,,,,,
030633,"Crustaceans; live, fresh or chilled, crabs, whether in shell or not",6,FAO Direct; crab meat indicative CF,Crustaceans,FAO,,,,,,
030634,"Crustaceans; live, fresh or chilled, Norway lobsters (Nephrops norvegicus), in shell or not",3.245,"FAO Direct; average of lobsters tails (shell on), meat indicative CFs",Crustaceans,FAO,,,,,,
030635,"Crustaceans; live, fresh or chilled, cold-water shrimps and prawns (Pandalus spp., Crangon crangon), in shell or not",2.41,"FAO Direct; average of shrimps/prawns tails (shell on), tails (peeled), meat indicative CFs",Crustaceans,FAO,,,,,,
030636,"Crustaceans; live, fresh or chilled, shrimps and prawns excluding cold-water varieties, in shell or not",2.41,"FAO Direct; average of shrimps/prawns tails (shell on), tails (peeled), meat indicative CFs",Crustaceans,FAO,,,,,,
030639,"Crustaceans; live, fresh or chilled, n.e.c. in item no. 0306.3, in shell or not, including edible flours, meals, and pellets of crustaceans",3.286666667,FAO Assumed; average of all crustacean indicative CFs,Crustaceans,Est,,,,,,
030691,"Crustaceans; rock lobsters and other sea crawfish (Palinurus spp., Panulirus spp., Jasus spp.), smoked, cooked or not, whether in shell or not, whether or not cooked before or during smoking",3.245,"FAO Direct; average of lobsters tails (shell on), meat indicative CFs",Crustaceans,FAO,,,,,,
030692,"Crustaceans; lobsters (Homarus spp.), smoked, cooked or not, whether in shell or not, whether or not cooked before or during smoking",3.245,"FAO Direct; average of lobsters tails (shell on), meat indicative CFs",Crustaceans,FAO,,,,,,
030693,"Crustaceans; crabs, smoked, cooked or not, whether in shell or not, whether or not cooked before or during smoking",6,FAO Direct; crab meat indicative CF,Crustaceans,FAO,,,,,,
030694,"Crustaceans; Norway lobsters (Nephrops norvegicus), smoked, cooked or not, whether in shell or not, whether or not cooked before or during smoking",3.245,"FAO Direct; average of lobsters tails (shell on), meat indicative CFs",Crustaceans,FAO,,,,,,
030695,"Crustaceans; shrimps and prawns, smoked, cooked or not, whether in shell or not, whether or not cooked before or during smoking",2.41,"FAO Direct; average of shrimps/prawns tails (shell on), tails (peeled), meat indicative CFs",Crustaceans,FAO,,,,,,
030699,"Crustaceans; smoked, whole, cooked or not, n.e.c. in item no. 0306.9, in shell or not, including edible flours, meals, and pellets of crustaceans",3.286666667,FAO Assumed; average of all crustacean indicative CFs,Crustaceans,Est,,,,,,
030700,Molluscs,4.572631579,FAO Assumed; average of all mollusc indicative CFs,Molluscs excl. cephalopods,Est,,,,,,
030710,"Molluscs; oysters, live, fresh, chilled, frozen, dried, salted or in brine (whether in shell or not)",10,FAO Direct; average of oyster indicative CFs,Molluscs excl. cephalopods,FAO,,,,,,
030711,"Molluscs; oysters, whether in shell or not, live, fresh or chilled",10,FAO Direct; not dried oyster indicative CFs,Molluscs excl. cephalopods,FAO,,,,,,
030712,"Molluscs; oysters, whether in shell or not, frozen",10,FAO Direct; not dried oyster indicative CFs,Molluscs excl. cephalopods,FAO,,,,,,
030719,"Molluscs; oysters, whether in shell or not, frozen, dried, salted or in brine, smoked, cooked or not before or during the smoking process",10,FAO Direct; average of oyster indicative CFs,Molluscs excl. cephalopods,FAO,,,,,,
030721,"Molluscs; scallops (including queen scallops of the genera pecten, chlamys or placopecten), live, fresh or chilled (whether in shell or not)",9.1,FAO Direct; not dried scallop indicative CF,Molluscs excl. cephalopods,FAO,,,,,,
030722,"Molluscs; scallops, whether in shell or not, including queen scallops of the genera Pecten, Chlamys or Placopecten, frozen",9.1,FAO Direct; not dried scallop indicative CF,Molluscs excl. cephalopods,FAO,,,,,,
030729,"Molluscs; scallops (including queen scallops of the genera pecten, chlamys or placopecten), frozen, dried, salted or in brine (whether in shell or not)",9.85,FAO Direct; average of scallop indicative CFs,Molluscs excl. cephalopods,FAO,,,,,,
030731,"Molluscs; mussels (mytilus spp., perna spp.), live, fresh or chilled (whether in shell or not)",6,FAO Direct; mussel indicative CF,Molluscs excl. cephalopods,FAO,,,,,,
030732,"Molluscs; mussels (Mytilus spp., Perna spp.), whether in shell or not, frozen",6,FAO Direct; mussel indicative CF,Molluscs excl. cephalopods,FAO,,,,,,
030739,"Molluscs; mussels (mytilus spp., perna spp.), frozen, dried, salted or in brine (whether in shell or not)",6,FAO Direct; mussel indicative CF,Molluscs excl. cephalopods,FAO,,,,,,
030741,"Molluscs; cuttle fish and squid, live, fresh or chilled (whether in shell or not)",1.7725,FAO Direct; average of squid whole/raw indicative CFs,Cephalopods,FAO,,,,,,
030742,"Molluscs; cuttle fish and squid, whether in shell or not, live, fresh or chilled",1.7725,FAO Direct; average of squid whole/raw indicative CFs,Cephalopods,FAO,,,,,,
030743,"Molluscs; cuttle fish and squid, whether in shell or not, includes flours, meals, and pellets of molluscs, fit for human consumption, frozen",1.615,"FAO Direct; average of squid whole/raw, cuttlefish frozen/gutted indicative CFs",Cephalopods,FAO,,,,,,
030749,"Molluscs; cuttle fish and squid, frozen, dried, salted or in brine (whether in shell or not)",1.871111111,FAO Direct; average of all squid and cuttelfish indicative CFs,Cephalopods,FAO,,,,,,
030751,"Molluscs; octopus (octopus spp.), live, fresh or chilled",1.3,FAO Assumed; frozen octopus indicative CF,Cephalopods,Est,,,,,,
030752,"Molluscs; octopus (Octopus spp.), frozen",1.3,FAO Direct; frozen octopus indicative CF,Cephalopods,FAO,,,,,,
030759,"Molluscs; octopus (octopus spp.), frozen, dried, salted or in brine",2.65,FAO Direct; average of all octopus indicative CFs,Cephalopods,FAO,,,,,,
030760,"Molluscs; snails (other than sea snails), live, fresh, chilled, frozen, dried, salted or in brine (whether in shell or not)",2.44,FAO Direct; abalone indicative CF,Molluscs excl. cephalopods,FAO,,,,,,
030771,"Molluscs; clams, cockles and ark shells (families Arcidae, Arcticidae, Cardiidae, Donacidae, Hiatellidae, Mactridae, Mesodesmatidae, Myidae, Semelidae, Solecurtidae, Solenidae, Tridacnidae and Veneridae), whether in shell or not, live, fresh or chilled",8.3,FAO Direct; average of clam indicative CFs,Molluscs excl. cephalopods,FAO,,,,,,
030772,"Molluscs; clams, cockles, ark shells (Arcidae, Arcticidae, Cardiidae, Donacidae, Hiatellidae, Mactridae, Mesodesmatidae, Myidae, Semelidae, Solecurtidae, Solenidae, Tridacnidae and Veneridae), whether in shell or not, frozen",8.3,FAO Direct; average of clam indicative CFs,Molluscs excl. cephalopods,FAO,,,,,,
030779,"Molluscs; clams, cockles, ark shells (Arcidae, Arcticidae, Cardiidae, Donacidae, Hiatellidae, Mactridae, Mesodesmatidae, Myidae, Semelidae, Solecurtidae, Solenidae, Tridacnidae and Veneridae), whether in shell or not, other than live, fresh or chilled",8.3,FAO Direct; average of clam indicative CFs,Molluscs excl. cephalopods,FAO,,,,,,
030781,"Molluscs; abalone (Haliotis spp.), whether in shell or not, live, fresh or chilled",2.44,FAO Direct; abalone indicative CF,Molluscs excl. cephalopods,FAO,,,,,,
030782,"Molluscs; stromboid conchs (Strombus spp.), whether in shell or not, live, fresh or chilled",2.44,FAO Assumed; abalone indicative CF,Molluscs excl. cephalopods,Est,,,,,,
030783,"Molluscs; abalone (Haliotis spp.), whether in shell or not, frozen",2.44,FAO Direct; abalone indicative CF,Molluscs excl. cephalopods,FAO,,,,,,
030784,"Molluscs; stromboid conchs (Strombus spp.), whether in shell or not, frozen",2.44,FAO Assumed; abalone indicative CF,Molluscs excl. cephalopods,Est,,,,,,
030787,"Molluscs; abalone (Haliotis spp.), whether in shell or not, dried, salted, in brine, or smoked, cooked or not before or during the smoking process",2.44,FAO Direct; abalone indicative CF,Molluscs excl. cephalopods,FAO,,,,,,
030788,"Molluscs; stromboid conchs (Strombus spp.), whether in shell or not, includes flours, meals, and pellets of molluscs, fit for human consumption, dried, salted, in brine, or smoked, cooked or not before or during the smoking process",2.44,FAO Assumed; abalone indicative CF,Molluscs excl. cephalopods,Est,,,,,,
030789,"Molluscs; abalone (Haliotis spp.), whether in shell or not, frozen, dried, salted, in brine, or smoked, cooked or not before or during the smoking process",2.44,FAO Direct; abalone indicative CF,Molluscs excl. cephalopods,FAO,,,,,,
030791,"Molluscs and other aquatic invertebrates; live, fresh or chilled (whether in shell or not), n.e.s. in heading no. 0307",4.264,FAO Assumed; average of all crustaceans and molluscs indicative CFs,Molluscs excl. cephalopods,Est,,,,,,
030792,"Molluscs; n.e.c. in heading 0307, whether in shell or not, includes flours, meals, and pellets of molluscs, fit for human consumption, frozen",4.264,FAO Assumed; average of all crustaceans and molluscs indicative CFs,Molluscs excl. cephalopods,Est,,,,,,
030799,"Molluscs and other aquatic invertebrates; frozen, dried, salted or in brine (whether in shell or not), n.e.s. in heading no. 0307",4.264,FAO Assumed; average of all crustaceans and molluscs indicative CFs,Molluscs excl. cephalopods,Est,,,,,,
030811,"Aquatic invertebrates; sea cucumbers (Stichopus japonicus, Holothurioidea), live, fresh or chilled",4.264,FAO Assumed; average of all crustaceans and molluscs indicative CFs,Aquatic animals nei,Est,,,,,,
030812,"Aquatic invertebrates; sea cucumbers (Stichopus japonicus, Holothuroidea), frozen",4.264,FAO Assumed; average of all crustaceans and molluscs indicative CFs,Aquatic animals nei,Est,,,,,,
030819,"Aquatic invertebrates; sea cucumbers (Stichopus japonicus, Holothurioidea), frozen, dried, salted or in brine, smoked, whether or not cooked before or during the smoking process",4.264,FAO Assumed; average of all crustaceans and molluscs indicative CFs,Aquatic animals nei,Est,,,,,,
030821,"Aquatic invertebrates; sea urchins (Strongylocentrotus spp., Paracentrotus lividus, Loxechinus albus, Echichinus esculentus), live, fresh or chilled",4.264,FAO Assumed; average of all crustaceans and molluscs indicative CFs,Aquatic animals nei,Est,,,,,,
030822,"Aquatic invertebrates; sea urchins (Strongylocentrotus spp., Paracentrotus lividus, Loxechinus albus, Echinus esculentus), frozen",4.264,FAO Assumed; average of all crustaceans and molluscs indicative CFs,Aquatic animals nei,Est,,,,,,
030829,"Aquatic invertebrates; sea urchins (Strongylocentrotus spp., Paracentrotus lividus, Loxechinus albus, Echichinus esculentus), frozen, dried, salted or in brine, smoked, whether or not cooked before or during smoking process",4.264,FAO Assumed; average of all crustaceans and molluscs indicative CFs,Aquatic animals nei,Est,,,,,,
030830,"Aquatic invertebrates; jellyfish (Rhopilema spp.), live, fresh, chilled, frozen, dried, salted or in brine, smoked, whether or not cooked before or during smoking",4.264,FAO Assumed; average of all crustaceans and molluscs indicative CFs,Aquatic animals nei,Est,,,,,,
030890,"Aquatic invertebrates; other than crustaceans, molluscs, sea urchins, sea cucumbers and jellyfish, live, fresh, chilled, frozen, dried, salted or in brine, smoked, cooked or not before or during smoking, includes edible flours, meals, and pellets",4.264,FAO Assumed; average of all crustaceans and molluscs indicative CFs,Aquatic animals nei,Est,,,,,,
030917,No Description,1,Base assumption due to lack of information,Marine fish nei,Other,,,,,,
031095,Young Fish (Fingerling),1,Base assumption due to lack of information,Marine fish nei,Other,,,,,,
039269,Other,1,Base assumption due to lack of information,Marine fish nei,Other,,,,,,
039290,No Description,1,Base assumption due to lack of information,Marine fish nei,Other,,,,,,
160200,Meat (Not Fish),Remove,,,,,,,,,
160400,Fish preparations; caviar and caviar substitutes,20,FAO Waterman 2001 ratio for cod,Marine fish nei,Est,,,,,,
160411,"Fish preparations; salmon, prepared or preserved, whole or in pieces (but not minced)",1.56,"FAO Direct; average of prepared/preserved/canned salmon steak bone in, salmon/smoked derived CFs",Freshwater & diadromous fish,FAO,,,,,,
160412,"Fish preparations; herrings, prepared or preserved, whole or in pieces (but not minced)",1.08,"FAO Direct; average of prepared/preserved/canned filleted herring, semi-preserved/marinated gutted/fillet herring derived CFs",Pelagic fish,FAO,,,,,,
160413,"Fish preparations; sardines, sardinella and brisling or sprats, prepared or preserved, whole or in pieces (but not minced)",1.07,FAO Assumed; prepared/preserved/canned gutted sardine derived CF,Pelagic fish,Est,,,,,,
160414,"Fish preparations; tunas, skipjack and Atlantic bonito (sarda spp.), prepared or preserved, whole or in pieces (but not minced)",1.44,"FAO Direct; prepared/preserved/canned albacore, bonito, other tuna flesh/boneless derived CF",Pelagic fish,FAO,,,,,,
160415,"Fish preparations; mackerel, prepared or preserved, whole or in pieces (but not minced)",1.46,FAO Direct; prepared/preserved/canned mackerel derived CF,Pelagic fish,FAO,,,,,,
160416,"Fish preparations; anchovies, prepared or preserved, whole or in pieces (but not minced)",1.63,FAO Direct; salted anchovy fillets in containers derived CF,Pelagic fish,FAO,,,,,,
160417,"Fish preparations; eels, prepared or preserved, whole or in pieces (but not minced)",2.03,FAO Direct; prepared/preserved/canned eel fillet derived CF,Freshwater & diadromous fish,FAO,,,,,,
160418,"Fish preparations; shark fins, prepared or preserved, whole or in pieces (but not minced)",15.6,Fin/body ratio from prev. studies,Demersal fish,Other,,,,,,
160419,"Fish preparations; fish prepared or preserved, whole or in pieces (but not minced), n.e.s. in heading no. 1604",1.631875,FAO Assumed; average of all prepared/preserved/canned preparations in containers derived CFs,Marine fish nei,Est,,,,,,
160420,"Fish preparations; fish minced or in forms n.e.s. in heading no. 1604, prepared or preserved",1.938,"FAO Assumed; average of fish balls, cakes, ham, sausages, paste, fermented CFs",Marine fish nei,Est,,,,,,
160430,Fish preparations; caviar and caviar substitutes,20,FAO Waterman 2001 ratio for cod,Marine fish nei,Est,,,,,,
160431,Fish preparations; caviar,20,FAO Waterman 2001 ratio for cod,Marine fish nei,Est,,,,,,
160432,"Fish preparations; caviar substitutes, prepared from fish eggs",20,FAO Waterman 2001 ratio for cod,Marine fish nei,Est,,,,,,
160500,"Crustacean preparations; prepared or preserved crustaceans (excluding crab, shrimps, prawns and lobster)",3.5,FAO Direct; average of other crustaceans canned and fermented crustaceans in containers derived CFs,Crustaceans,FAO,,,,,,
160510,"Crustacean preparations; crab, prepared or preserved",4.5,FAO Direct; canned crab and preparations of crab in containers,Crustaceans,FAO,,,,,,
160520,"Crustacean preparations; shrimps and prawns, prepared or preserved",2.053333333,FAO Direct; average of shrimp/prawn canned and preparations in containers derived CFs,Crustaceans,FAO,,,,,,
160521,"Crustacean preparations; shrimps and prawns, prepared or preserved, not in airtight containers",2.03,FAO Direct; average of shrimp/prawn preparations in containers derived CFs,Crustaceans,FAO,,,,,,
160529,"Crustacean preparations; shrimps and prawns, prepared or preserved, in airtight containers",2.053333333,FAO Direct; average of shrimp/prawn canned and preparations in containers derived CFs,Crustaceans,FAO,,,,,,
160530,"Crustacean preparations; lobster, prepared or preserved",2.9,FAO Direct; canned lobster derived CF,Crustaceans,FAO,,,,,,
160540,"Crustacean preparations; prepared or preserved crustaceans (excluding crab, shrimps, prawns and lobster)",3.5,FAO Direct; average of other crustaceans canned and fermented crustaceans in containers derived CFs,Crustaceans,FAO,,,,,,
160551,"Mollusc preparations; oysters, prepared or preserved",7.5,"FAO Direct, canned oysters derived CF",Molluscs excl. cephalopods,FAO,,,,,,
160552,"Mollusc preparations; scallops, including queen scallops, prepared or preserved",6.8,FAO Direct; canned scallops derived CF,Molluscs excl. cephalopods,FAO,,,,,,
160553,"Mollusc preparations; mussels, prepared or preserved",4.5,FAO Direct; canned mussels derived CF,Molluscs excl. cephalopods,FAO,,,,,,
160554,"Mollusc preparations; cuttle fish and squid, prepared or preserved",1.09,"FAO Direct; canned squid, etc. derived CF",Cephalopods,FAO,,,,,,
160555,"Mollusc preparations; octopus, prepared or preserved",1.09,"FAO Direct; canned squid, etc. derived CF",Cephalopods,FAO,,,,,,
160556,"Mollusc preparations; clams, cockles and arkshells, prepared or preserved",4.5,FAO Direct; canned clams derived CF,Molluscs excl. cephalopods,FAO,,,,,,
160557,"Mollusc preparations; abalone, prepared or preserved",1.83,FAO Direct; canned abalone derived CF,Molluscs excl. cephalopods,FAO,,,,,,
160558,"Mollusc preparations; snails, other than sea snails, prepared or preserved",1.83,FAO Assumed; canned abalone derived CF,Molluscs excl. cephalopods,Est,,,,,,
160559,"Mollusc preparations; n.e.c. in item no. 1605.5, prepared or preserved",3.321176471,FAO Assumed; average of all canned/preparations in containers derived CFs,Molluscs excl. cephalopods,Est,,,,,,
160561,"Aquatic invertebrates; sea cucumbers, prepared or preserved",3.321176471,FAO Assumed; average of all canned/preparations in containers derived CFs,Aquatic animals nei,Est,,,,,,
160562,"Aquatic invertebrates; sea urchins, prepared or preserved",3.321176471,FAO Assumed; average of all canned/preparations in containers derived CFs,Aquatic animals nei,Est,,,,,,
160563,"Aquatic invertebrates; jellyfish, prepared or preserved",3.321176471,FAO Assumed; average of all canned/preparations in containers derived CFs,Aquatic animals nei,Est,,,,,,
160569,"Aquatic invertebrates; other than crustaceans, molluscs, sea cucumbers, sea urchins, and jellyfish, prepared or preserved",3.321176471,FAO Assumed; average of all canned/preparations in containers derived CFs,Aquatic animals nei,Est,,,,,,
160590,Molluscs and other aquatic invertebrates; prepared or preserved (excluding crustaceans),3.488888889,FAO Assumed; average of all canned/preparations in containers derived CFs except crustaceans,Aquatic animals nei,Est,,,,,,
169050,No Description,1,Base assumption due to lack of information,Marine fish nei,Other,,,,,,
03SSS0,Confidential,1,Base assumption due to lack of information,Marine fish nei,Other,,,,,,
03SSS9,Confidential,1,Base assumption due to lack of information,Marine fish nei,Other,,,,,,
